{
  "constants": {
    "g": 9.794,
    "M_T_g": 120.57,
    "M_U_g": 129.53,
    "m0_g": 21.74,
    "D_m": 0.0101,
    "x0_exp3_cm": 62.55,
    "x0_exp4_cm": 62.55,
    "support_distance_m": 0.8618000000000001,
    "h_m": 0.021019999999999997,
    "sin_theta": 0.024390809932698994,
    "theta_rad": 0.024393228976355368,
    "theta_deg": 1.397629069041388
  },
  "exp1": {
    "L10_cm": 25.61,
    "L20_cm": 35.402,
    "k1": 2.506122128018912,
    "b1": -0.0005448439264022003,
    "r2_spring1": 0.9999339114766735,
    "k2": 2.2843576114240367,
    "b2": 2.2688824602598247e-05,
    "r2_spring2": 0.9999385422486093,
    "k_static": 4.790479739442949
  },
  "exp2": {
    "slope": 0.12403544146576162,
    "intercept": -0.007232075885943414,
    "r2": 0.9999954473234939,
    "k_period": 4.896722955926169,
    "m0_prime_kg": 0.007232075885943414,
    "m0_prime_g": 7.232075885943415
  },
  "exp3": {
    "slope": 34.83514297019946,
    "intercept": -0.011762017237171763,
    "r2": 0.9998359848415894,
    "k_velocity": 4.764126466388107
  },
  "exp4": {
    "slope": 0.001674285714286963,
    "intercept": 1.0142143133333328,
    "r2": 0.8315612740748436,
    "mean_T": 1.0145483333333332,
    "std_T": 0.00017174593639057568,
    "range_percent": 0.037455090853219575
  },
  "exp5": {
    "slope": 0.12399723088043146,
    "intercept": -0.007070768597817685,
    "r2": 0.9999937887541911,
    "k_incline": 4.895214462481598,
    "m0_prime_incline_kg": 0.007070768597817685,
    "m0_prime_incline_g": 7.070768597817685
  },
  "errors": {
    "delta_period_percent": 2.2177990986676033,
    "delta_velocity_percent": 0.5501176184476793,
    "delta_incline_percent": 2.1863096962148494,
    "m0_prime_to_m0_percent": 33.26621842660265,
    "incline_vs_period_percent": 0.030806183199423152
  }
}